{
  "summary": {
    "profit_percentage": 55.96633435004379,
    "win_rate": 0.5869565217391305,
    "avg_return_percentage": 0.6083297211961282
  }
}