threshold,overall_hit_rate,overall_avg_return
0.006,0.35185185185185186,0.00198719492977322
0.008,0.3148148148148148,0.00198719492977322
0.01,0.3148148148148148,0.00198719492977322
