{
  "best_strategy": {
    "profit_target": 0.01,
    "stop_loss": 0.005,
    "max_holding_days": 1.0,
    "total_return": 4508971935.455465,
    "total_return_pct": 4508.971935455465,
    "final_value": 4509971935.455465,
    "max_drawdown": -0.06097654035637952,
    "sharpe_ratio": 9.785347326340844,
    "win_rate": 0.686920448999512,
    "total_trades": 4098.0,
    "avg_return_per_trade": 1366804.1472891555,
    "avg_holding_days": 1.3997071742313323,
    "profit_factor": 2.6515862116411935
  },
  "optimization_date": "20250915_205439",
  "system_accuracy": 0.785,
  "total_patterns_tested": 13920
}